question_id,question,word_count,total_citations,diversity_score,coherence,factuality,time_seconds,status,timestamp,tier3_policy_options_count,tier3_overall_risk,tier3_recommended_option
1,"Theo Nghị định 06/2022/NĐ-CP, ngưỡng phát thải tối thiểu để cơ sở sản xuất dệt m",2770,18,0.615,8,9,74.81,success,2026-03-21T09:46:55.685166,2,medium,OPT-1
2,Luật Bảo vệ Môi trường 2020 quy định việc kiểm kê khí nhà kính phải được thực hi,2973,17,0.7627,8,9,62.88,success,2026-03-21T09:48:01.707515,2,high,OPT-1
3,Theo Quyết định 232/QĐ-TTg đã phê duyệt Đề án phát triển thị trường carbon tại V,3018,20,0.6425,8,9,65.25,success,2026-03-21T09:49:10.793476,2,high,OPT-2
4,"Theo Quyết định 01/2022/QĐ-TTg, có 294 doanh nghiệp ngành dệt may và da giày phả",3003,17,0.708,8,9,70.37,success,2026-03-21T09:50:24.160505,2,high,OPT-2
5,"Theo Nghị định 06/2022/NĐ-CP, doanh nghiệp phải kiểm kê khí nhà kính định kỳ 2 n",2815,19,0.646,8,9,64.07,success,2026-03-21T09:51:30.644975,2,high,OPT-1
6,Nghị định 06/2022/NĐ-CP yêu cầu 294 doanh nghiệp dệt may nộp báo cáo kiểm kê vào,2753,21,0.6601,8,9,57.0,success,2026-03-21T09:52:30.017593,2,high,OPT-1
7,CBAM (Carbon Border Adjustment Mechanism) của EU chính thức áp dụng thu phí carb,2735,16,0.6511,8,9,82.53,success,2026-03-21T09:53:56.543520,2,high,OPT-2
8,"Theo CBAM, các sản phẩm dệt may xuất khẩu vào EU có bị áp thuế carbon trực tiếp ",2782,16,0.6637,8,7,74.45,success,2026-03-21T09:55:14.155749,2,high,OPT-1
9,"Một doanh nghiệp dệt may Việt Nam xuất 10.000 tấn hàng/năm sang EU, cường độ phá",2849,16,0.7336,8,9,138.94,success,2026-03-21T09:57:36.273266,2,high,OPT-1
10,CBAM cho phép trừ thuế carbon đã đóng ở nước xuất khẩu. Với việc Việt Nam chưa c,2952,21,0.6111,8,9,139.56,success,2026-03-21T09:59:58.409338,2,high,OPT-1
11,EU sẽ review mở rộng CBAM vào cuối 2025 (CBAM Reg Art. 30). Nếu dệt may được đưa,2744,17,0.6561,8,9,203.78,success,2026-03-21T10:03:26.959343,2,,A
12,"Ngoài CBAM, các thương hiệu thời trang lớn như H&M, Zara, Nike đang yêu cầu nhà ",2917,20,0.668,8,9,170.97,success,2026-03-21T10:06:22.006274,2,high,OPT-1
13,"Theo báo cáo của VITAS và USAID, ngành dệt may Việt Nam phát thải bao nhiêu triệ",2942,16,0.6555,8,9,153.88,success,2026-03-21T10:08:59.386930,2,high,OPT-1
14,"Theo số liệu của Tổng cục Thống kê và VITAS năm 2023, kim ngạch xuất khẩu dệt ma",2808,16,0.683,8,9,148.98,success,2026-03-21T10:11:31.674366,2,high,OPT-1
15,"Theo cơ cấu sản xuất của ngành dệt may Việt Nam, tỷ lệ doanh nghiệp làm gia công",2908,16,0.6726,8,7,129.6,success,2026-03-21T10:13:45.124932,2,high,OPT-1
16,Ngành dệt may VN chủ yếu sử dụng nguồn điện từ than (chiếm ~60% hệ số phát thải ,2976,19,0.6992,8,9,1747.4,success,2026-03-21T10:42:58.322146,2,,
17,"Trong 294 doanh nghiệp dệt may phải kiểm kê GHG, khoảng 60% là SME với doanh thu",2919,16,0.5885,8,9,131.8,success,2026-03-21T10:45:13.570719,2,high,OPT-1
18,"Ngành dệt may VN chủ yếu làm gia công (CMT - Cut, Make, Trim) với giá trị gia tă",2909,17,0.6553,8,9,117.23,success,2026-03-21T10:47:13.150997,2,high,OPT-1
19,Theo báo cáo 'Resource Efficiency and Cleaner Production in the Garment Sector' ,2904,16,0.6726,8,9,120.03,success,2026-03-21T10:49:15.926241,2,medium,OPT-1
20,"Một nhà máy dệt nhuộm ở Việt Nam tiêu thụ 500.000 kWh điện/tháng, trong đó 60% d",2878,18,0.6693,8,7,115.43,success,2026-03-21T10:51:13.985469,2,medium,OPT-3
21,"Một công ty dệt may có 3 nhà máy ở miền Bắc, miền Trung và miền Nam, mỗi nhà máy",2899,16,0.7164,8,9,105.91,success,2026-03-21T10:53:02.157551,2,medium,OPT-1
22,Chính phủ Việt Nam đang cân nhắc chính sách bắt buộc các nhà máy dệt nhuộm đạt c,2943,21,0.6667,8,9,110.84,success,2026-03-21T10:54:55.476360,2,medium,OPT-1
23,"Một tập đoàn dệt may lớn ở Việt Nam có 5 nhà máy, tổng phát thải 50.000 tấn CO2/",2963,17,0.686,8,9,116.4,success,2026-03-21T10:56:54.985905,2,high,OPT-3
24,"Theo chương trình Vietnam Improvement Program của IFC từ năm 2019, tổng nguồn vố",2920,17,0.7215,7,6,117.57,success,2026-03-21T10:58:55.015688,2,medium,OPT-1
25,Một đề tài nghiên cứu phát triển hệ thống tranh luận đa-agent để mô phỏng 5 kịch,2838,17,0.7236,8,9,122.95,success,2026-03-21T11:01:01.280824,2,medium,OPT-1
26,Quỹ Khí hậu Xanh (Green Climate Fund - GCF) và các cơ chế tài trợ quốc tế khác (,2857,14,0.6313,8,9,132.75,success,2026-03-21T11:03:16.855180,2,medium,OPT-3
27,Chính phủ VN đang cân nhắc 3 chính sách hỗ trợ DN dệt may giảm phát thải: (A) Tr,3004,17,0.6955,8,9,143.38,success,2026-03-21T11:05:43.782173,2,medium,OPT-1
28,Việt Nam có thể huy động vốn cho chuyển đổi xanh ngành dệt may qua: (A) Carbon t,2906,21,0.6916,8,9,120.76,success,2026-03-21T11:07:47.810482,2,medium,OPT-1
29,Nếu CBAM mở rộng sang dệt may và các chính sách carbon của VN được thực thi nghi,2919,19,0.6813,8,9,126.39,success,2026-03-21T11:09:57.015616,2,high,OPT-1
30,"Các nước phát triển (EU, Mỹ) áp dụng CBAM và yêu cầu carbon footprint có thể đượ",2836,19,0.711,8,9,134.5,success,2026-03-21T11:12:14.929005,2,high,OPT-1
